{
  "full_dataset_accuracy": 0.9533333333333334,
  "precision": 0.9534480458850206,
  "recall": 0.9533333333333334,
  "f1_score": 0.9533286661999534
}